{
  "project_info": {
    "project_number": "768238359416",
    "project_id": "esurvey-8cfc4",
    "storage_bucket": "esurvey-8cfc4.appspot.com"
  },
  "client": [
    {
      "client_info": {
        "mobilesdk_app_id": "1:768238359416:android:88e4a0216c825d2579ae8d",
        "android_client_info": {
          "package_name": "com.example.shreefgroup.surevysystem"
        }
      },
      "oauth_client": [
        {
          "client_id": "768238359416-l5ro5577i0kca42tj96f7q16ng6s6qgd.apps.googleusercontent.com",
          "client_type": 3
        }
      ],
      "api_key": [
        {
          "current_key": "AIzaSyC4WFPeDV1JwYAWuDF1O7dJtjpsWHXu2Ys"
        }
      ],
      "services": {
        "appinvite_service": {
          "other_platform_oauth_client": [
            {
              "client_id": "768238359416-l5ro5577i0kca42tj96f7q16ng6s6qgd.apps.googleusercontent.com",
              "client_type": 3
            }
          ]
        }
      }
    }
  ],
  "configuration_version": "1"
}