{"v":"5.6.9","fr":30,"ip":0,"op":150,"w":449,"h":452,"nm":"Geolocation","ddd":0,"assets":[],"layers":[{"ddd":0,"ind":1,"ty":4,"nm":"Layer 8 Outlines 2","parent":2,"sr":1,"ks":{"o":{"a":0,"k":100,"ix":11},"r":{"a":1,"k":[{"i":{"x":[0.67],"y":[0.891]},"o":{"x":[0.34],"y":[0]},"t":6,"s":[0]},{"i":{"x":[0.666],"y":[0.997]},"o":{"x":[0.333],"y":[-0.063]},"t":26,"s":[10]},{"i":{"x":[0.833],"y":[1]},"o":{"x":[0.329],"y":[-0.006]},"t":49,"s":[-10]},{"i":{"x":[0.833],"y":[1]},"o":{"x":[0.34],"y":[0]},"t":73,"s":[0]},{"i":{"x":[0.67],"y":[0.891]},"o":{"x":[0.34],"y":[0]},"t":82,"s":[0]},{"i":{"x":[0.666],"y":[0.997]},"o":{"x":[0.333],"y":[-0.063]},"t":102,"s":[10]},{"i":{"x":[0.833],"y":[1]},"o":{"x":[0.329],"y":[-0.006]},"t":125,"s":[-10]},{"t":149,"s":[0]}],"ix":10},"p":{"a":0,"k":[21.881,17.982,0],"ix":2},"a":{"a":0,"k":[21.881,17.982,0],"ix":1},"s":{"a":0,"k":[100,100,100],"ix":6}},"ao":0,"shapes":[{"ty":"gr","it":[{"ind":0,"ty":"sh","ix":1,"ks":{"a":0,"k":{"i":[[0,-4.971],[4.971,0],[0,4.971],[-4.971,0]],"o":[[0,4.971],[-4.971,0],[0,-4.971],[4.971,0]],"v":[[9,0],[0,9],[-9,0],[0,-9]],"c":true},"ix":2},"nm":"Path 1","mn":"ADBE Vector Shape - Group","hd":false},{"ty":"st","c":{"a":0,"k":[0.556862745098,0.619607843137,0.749019607843,1],"ix":3},"o":{"a":0,"k":100,"ix":4},"w":{"a":0,"k":1,"ix":5},"lc":1,"lj":1,"ml":10,"bm":0,"nm":"Stroke 1","mn":"ADBE Vector Graphic - Stroke","hd":false},{"ty":"tr","p":{"a":0,"k":[21.881,17.982],"ix":2},"a":{"a":0,"k":[0,0],"ix":1},"s":{"a":0,"k":[100,100],"ix":3},"r":{"a":0,"k":0,"ix":6},"o":{"a":0,"k":100,"ix":7},"sk":{"a":0,"k":0,"ix":4},"sa":{"a":0,"k":0,"ix":5},"nm":"Transform"}],"nm":"Group 5","np":2,"cix":2,"bm":0,"ix":1,"mn":"ADBE Vector Group","hd":false},{"ty":"gr","it":[{"ind":0,"ty":"sh","ix":1,"ks":{"a":0,"k":{"i":[[0,-5.523],[5.523,0],[0,5.523],[-5.523,0]],"o":[[0,5.523],[-5.523,0],[0,-5.523],[5.523,0]],"v":[[10,0],[0,10],[-10,0],[0,-10]],"c":true},"ix":2},"nm":"Path 1","mn":"ADBE Vector Shape - Group","hd":false},{"ty":"st","c":{"a":0,"k":[0.345098039216,0.360784313725,0.450980392157,1],"ix":3},"o":{"a":0,"k":100,"ix":4},"w":{"a":0,"k":1,"ix":5},"lc":1,"lj":1,"ml":10,"bm":0,"nm":"Stroke 1","mn":"ADBE Vector Graphic - Stroke","hd":false},{"ty":"tr","p":{"a":0,"k":[21.881,17.982],"ix":2},"a":{"a":0,"k":[0,0],"ix":1},"s":{"a":0,"k":[100,100],"ix":3},"r":{"a":0,"k":0,"ix":6},"o":{"a":0,"k":100,"ix":7},"sk":{"a":0,"k":0,"ix":4},"sa":{"a":0,"k":0,"ix":5},"nm":"Transform"}],"nm":"Group 6","np":2,"cix":2,"bm":0,"ix":2,"mn":"ADBE Vector Group","hd":false},{"ty":"gr","it":[{"ind":0,"ty":"sh","ix":1,"ks":{"a":0,"k":{"i":[[0,-4.418],[4.418,0],[0,4.418],[-4.418,0]],"o":[[0,4.418],[-4.418,0],[0,-4.418],[4.418,0]],"v":[[8,0],[0,8],[-8,0],[0,-8]],"c":true},"ix":2},"nm":"Path 1","mn":"ADBE Vector Shape - Group","hd":false},{"ty":"st","c":{"a":0,"k":[1,1,1,1],"ix":3},"o":{"a":0,"k":100,"ix":4},"w":{"a":0,"k":1,"ix":5},"lc":2,"lj":1,"ml":10,"bm":0,"nm":"Stroke 1","mn":"ADBE Vector Graphic - Stroke","hd":false},{"ty":"tr","p":{"a":0,"k":[21.881,17.982],"ix":2},"a":{"a":0,"k":[0,0],"ix":1},"s":{"a":0,"k":[100,100],"ix":3},"r":{"a":0,"k":0,"ix":6},"o":{"a":0,"k":100,"ix":7},"sk":{"a":0,"k":0,"ix":4},"sa":{"a":0,"k":0,"ix":5},"nm":"Transform"}],"nm":"Group 7","np":2,"cix":2,"bm":0,"ix":3,"mn":"ADBE Vector Group","hd":false},{"ty":"gr","it":[{"ind":0,"ty":"sh","ix":1,"ks":{"a":0,"k":{"i":[[0,-4.971],[4.971,0],[0,4.971],[-4.971,0]],"o":[[0,4.971],[-4.971,0],[0,-4.971],[4.971,0]],"v":[[9,0],[0,9],[-9,0],[0,-9]],"c":true},"ix":2},"nm":"Path 1","mn":"ADBE Vector Shape - Group","hd":false},{"ty":"fl","c":{"a":0,"k":[0.764705882353,0.81568627451,0.886274509804,1],"ix":4},"o":{"a":0,"k":100,"ix":5},"r":1,"bm":0,"nm":"Fill 1","mn":"ADBE Vector Graphic - Fill","hd":false},{"ty":"tr","p":{"a":0,"k":[21.881,17.982],"ix":2},"a":{"a":0,"k":[0,0],"ix":1},"s":{"a":0,"k":[100,100],"ix":3},"r":{"a":0,"k":0,"ix":6},"o":{"a":0,"k":100,"ix":7},"sk":{"a":0,"k":0,"ix":4},"sa":{"a":0,"k":0,"ix":5},"nm":"Transform"}],"nm":"Group 14","np":2,"cix":2,"bm":0,"ix":4,"mn":"ADBE Vector Group","hd":false}],"ip":0,"op":150,"st":0,"bm":0},{"ddd":0,"ind":2,"ty":4,"nm":"Layer 8 Outlines","sr":1,"ks":{"o":{"a":0,"k":100,"ix":11},"r":{"a":0,"k":0,"ix":10},"p":{"a":0,"k":[228,429.575,0],"ix":2},"a":{"a":0,"k":[21.881,46.24,0],"ix":1},"s":{"a":1,"k":[{"i":{"x":[0.63,0.63,0.63],"y":[1,1,1]},"o":{"x":[0.37,0.37,0.37],"y":[0,0,0]},"t":0,"s":[900,900,100]},{"i":{"x":[0.63,0.63,0.63],"y":[1,1,1]},"o":{"x":[0.37,0.37,0.37],"y":[0,0,0]},"t":20,"s":[977,977,100]},{"i":{"x":[0.63,0.63,0.63],"y":[1,1,1]},"o":{"x":[0.37,0.37,0.37],"y":[0,0,0]},"t":43,"s":[808,808,100]},{"i":{"x":[0.63,0.63,0.63],"y":[1,1,1]},"o":{"x":[0.37,0.37,0.37],"y":[0,0,0]},"t":67,"s":[900,900,100]},{"i":{"x":[0.63,0.63,0.63],"y":[1,1,1]},"o":{"x":[0.37,0.37,0.37],"y":[0,0,0]},"t":76,"s":[900,900,100]},{"i":{"x":[0.63,0.63,0.63],"y":[1,1,1]},"o":{"x":[0.37,0.37,0.37],"y":[0,0,0]},"t":96,"s":[977,977,100]},{"i":{"x":[0.63,0.63,0.63],"y":[1,1,1]},"o":{"x":[0.37,0.37,0.37],"y":[0,0,0]},"t":119,"s":[808,808,100]},{"t":143,"s":[900,900,100]}],"ix":6}},"ao":0,"shapes":[{"ty":"gr","it":[{"ind":0,"ty":"sh","ix":1,"ks":{"a":0,"k":{"i":[[0.07,0],[0.084,0.184],[-1.477,3.29],[-0.252,-0.115],[0.113,-0.252],[-1.381,-3.017],[0.25,-0.114]],"o":[[-0.189,0],[-1.502,-3.278],[0.113,-0.252],[0.252,0.113],[-1.359,3.027],[0.115,0.251],[-0.068,0.031]],"v":[[0.7,5.497],[0.247,5.204],[0.208,-5.131],[0.87,-5.382],[1.12,-4.721],[1.155,4.789],[0.909,5.451]],"c":true},"ix":2},"nm":"Path 1","mn":"ADBE Vector Shape - Group","hd":false},{"ty":"fl","c":{"a":0,"k":[0.407843137255,0.470588235294,0.650980392157,1],"ix":4},"o":{"a":0,"k":100,"ix":5},"r":1,"bm":0,"nm":"Fill 1","mn":"ADBE Vector Graphic - Fill","hd":false},{"ty":"tr","p":{"a":0,"k":[4.269,17.951],"ix":2},"a":{"a":0,"k":[0,0],"ix":1},"s":{"a":1,"k":[{"i":{"x":[0.63,0.63],"y":[1,1]},"o":{"x":[0.37,0.37],"y":[0,0]},"t":6,"s":[100,100]},{"i":{"x":[0.63,0.63],"y":[1,1]},"o":{"x":[0.37,0.37],"y":[0,0]},"t":26,"s":[140.895,140.895]},{"i":{"x":[0.63,0.63],"y":[1,1]},"o":{"x":[0.37,0.37],"y":[0,0]},"t":49,"s":[78.218,78.218]},{"i":{"x":[0.833,0.833],"y":[1,1]},"o":{"x":[0.167,0.167],"y":[0,0]},"t":73,"s":[100,100]},{"i":{"x":[0.63,0.63],"y":[1,1]},"o":{"x":[0.37,0.37],"y":[0,0]},"t":82,"s":[100,100]},{"i":{"x":[0.63,0.63],"y":[1,1]},"o":{"x":[0.37,0.37],"y":[0,0]},"t":102,"s":[140.895,140.895]},{"i":{"x":[0.63,0.63],"y":[1,1]},"o":{"x":[0.37,0.37],"y":[0,0]},"t":125,"s":[78.218,78.218]},{"t":149,"s":[100,100]}],"ix":3},"r":{"a":0,"k":0,"ix":6},"o":{"a":0,"k":100,"ix":7},"sk":{"a":0,"k":0,"ix":4},"sa":{"a":0,"k":0,"ix":5},"nm":"Transform"}],"nm":"Group 1","np":2,"cix":2,"bm":0,"ix":1,"mn":"ADBE Vector Group","hd":false},{"ty":"gr","it":[{"ind":0,"ty":"sh","ix":1,"ks":{"a":0,"k":{"i":[[0.082,0],[0.091,0.166],[-2.431,4.497],[-0.242,-0.131],[0.133,-0.243],[-2.257,-4.121],[0.242,-0.132]],"o":[[-0.178,0],[-2.457,-4.482],[0.131,-0.243],[0.242,0.131],[-2.236,4.134],[0.133,0.242],[-0.076,0.042]],"v":[[1.17,7.466],[0.731,7.206],[0.691,-7.134],[1.369,-7.335],[1.57,-6.657],[1.607,6.726],[1.41,7.404]],"c":true},"ix":2},"nm":"Path 1","mn":"ADBE Vector Shape - Group","hd":false},{"ty":"fl","c":{"a":0,"k":[0.407843137255,0.470588235294,0.650980392157,1],"ix":4},"o":{"a":0,"k":100,"ix":5},"r":1,"bm":0,"nm":"Fill 1","mn":"ADBE Vector Graphic - Fill","hd":false},{"ty":"tr","p":{"a":0,"k":[1.99,17.947],"ix":2},"a":{"a":0,"k":[0,0],"ix":1},"s":{"a":1,"k":[{"i":{"x":[0.63,0.63],"y":[1,1]},"o":{"x":[0.37,0.37],"y":[0,0]},"t":5,"s":[100,100]},{"i":{"x":[0.63,0.63],"y":[1,1]},"o":{"x":[0.37,0.37],"y":[0,0]},"t":25,"s":[140.895,140.895]},{"i":{"x":[0.63,0.63],"y":[1,1]},"o":{"x":[0.37,0.37],"y":[0,0]},"t":48,"s":[78.218,78.218]},{"i":{"x":[0.833,0.833],"y":[1,1]},"o":{"x":[0.167,0.167],"y":[0,0]},"t":72,"s":[100,100]},{"i":{"x":[0.63,0.63],"y":[1,1]},"o":{"x":[0.37,0.37],"y":[0,0]},"t":81,"s":[100,100]},{"i":{"x":[0.63,0.63],"y":[1,1]},"o":{"x":[0.37,0.37],"y":[0,0]},"t":101,"s":[140.895,140.895]},{"i":{"x":[0.63,0.63],"y":[1,1]},"o":{"x":[0.37,0.37],"y":[0,0]},"t":124,"s":[78.218,78.218]},{"t":148,"s":[100,100]}],"ix":3},"r":{"a":0,"k":0,"ix":6},"o":{"a":0,"k":100,"ix":7},"sk":{"a":0,"k":0,"ix":4},"sa":{"a":0,"k":0,"ix":5},"nm":"Transform"}],"nm":"Group 2","np":2,"cix":2,"bm":0,"ix":2,"mn":"ADBE Vector Group","hd":false},{"ty":"gr","it":[{"ind":0,"ty":"sh","ix":1,"ks":{"a":0,"k":{"i":[[0.189,0],[0.066,0.031],[-0.113,0.251],[1.359,3.027],[-0.252,0.113],[-0.113,-0.252],[1.502,-3.278]],"o":[[-0.07,0],[-0.252,-0.114],[1.383,-3.017],[-0.113,-0.252],[0.25,-0.116],[1.479,3.29],[-0.084,0.184]],"v":[[-0.701,5.497],[-0.908,5.451],[-1.156,4.789],[-1.121,-4.72],[-0.87,-5.381],[-0.21,-5.13],[-0.246,5.205]],"c":true},"ix":2},"nm":"Path 1","mn":"ADBE Vector Shape - Group","hd":false},{"ty":"fl","c":{"a":0,"k":[0.407843137255,0.470588235294,0.650980392157,1],"ix":4},"o":{"a":0,"k":100,"ix":5},"r":1,"bm":0,"nm":"Fill 1","mn":"ADBE Vector Graphic - Fill","hd":false},{"ty":"tr","p":{"a":0,"k":[39.494,17.951],"ix":2},"a":{"a":0,"k":[0,0],"ix":1},"s":{"a":1,"k":[{"i":{"x":[0.63,0.63],"y":[1,1]},"o":{"x":[0.37,0.37],"y":[0,0]},"t":4,"s":[100,100]},{"i":{"x":[0.63,0.63],"y":[1,1]},"o":{"x":[0.37,0.37],"y":[0,0]},"t":24,"s":[140.895,140.895]},{"i":{"x":[0.63,0.63],"y":[1,1]},"o":{"x":[0.37,0.37],"y":[0,0]},"t":47,"s":[78.218,78.218]},{"i":{"x":[0.833,0.833],"y":[1,1]},"o":{"x":[0.167,0.167],"y":[0,0]},"t":71,"s":[100,100]},{"i":{"x":[0.63,0.63],"y":[1,1]},"o":{"x":[0.37,0.37],"y":[0,0]},"t":80,"s":[100,100]},{"i":{"x":[0.63,0.63],"y":[1,1]},"o":{"x":[0.37,0.37],"y":[0,0]},"t":100,"s":[140.895,140.895]},{"i":{"x":[0.63,0.63],"y":[1,1]},"o":{"x":[0.37,0.37],"y":[0,0]},"t":123,"s":[78.218,78.218]},{"t":147,"s":[100,100]}],"ix":3},"r":{"a":0,"k":0,"ix":6},"o":{"a":0,"k":100,"ix":7},"sk":{"a":0,"k":0,"ix":4},"sa":{"a":0,"k":0,"ix":5},"nm":"Transform"}],"nm":"Group 3","np":2,"cix":2,"bm":0,"ix":3,"mn":"ADBE Vector Group","hd":false},{"ty":"gr","it":[{"ind":0,"ty":"sh","ix":1,"ks":{"a":0,"k":{"i":[[0.176,0],[0.076,0.042],[-0.133,0.242],[2.236,4.134],[-0.242,0.131],[-0.131,-0.243],[2.458,-4.482]],"o":[[-0.082,0],[-0.242,-0.132],[2.259,-4.121],[-0.131,-0.243],[0.244,-0.131],[2.433,4.497],[-0.089,0.166]],"v":[[-1.169,7.466],[-1.409,7.404],[-1.608,6.726],[-1.571,-6.657],[-1.37,-7.335],[-0.692,-7.134],[-0.732,7.206]],"c":true},"ix":2},"nm":"Path 1","mn":"ADBE Vector Shape - Group","hd":false},{"ty":"fl","c":{"a":0,"k":[0.407843137255,0.470588235294,0.650980392157,1],"ix":4},"o":{"a":0,"k":100,"ix":5},"r":1,"bm":0,"nm":"Fill 1","mn":"ADBE Vector Graphic - Fill","hd":false},{"ty":"tr","p":{"a":0,"k":[41.772,17.947],"ix":2},"a":{"a":0,"k":[0,0],"ix":1},"s":{"a":1,"k":[{"i":{"x":[0.63,0.63],"y":[1,1]},"o":{"x":[0.37,0.37],"y":[0,0]},"t":3,"s":[100,100]},{"i":{"x":[0.63,0.63],"y":[1,1]},"o":{"x":[0.37,0.37],"y":[0,0]},"t":23,"s":[140.895,140.895]},{"i":{"x":[0.63,0.63],"y":[1,1]},"o":{"x":[0.37,0.37],"y":[0,0]},"t":46,"s":[78.218,78.218]},{"i":{"x":[0.833,0.833],"y":[1,1]},"o":{"x":[0.167,0.167],"y":[0,0]},"t":70,"s":[100,100]},{"i":{"x":[0.63,0.63],"y":[1,1]},"o":{"x":[0.37,0.37],"y":[0,0]},"t":79,"s":[100,100]},{"i":{"x":[0.63,0.63],"y":[1,1]},"o":{"x":[0.37,0.37],"y":[0,0]},"t":99,"s":[140.895,140.895]},{"i":{"x":[0.63,0.63],"y":[1,1]},"o":{"x":[0.37,0.37],"y":[0,0]},"t":122,"s":[78.218,78.218]},{"t":146,"s":[100,100]}],"ix":3},"r":{"a":0,"k":0,"ix":6},"o":{"a":0,"k":100,"ix":7},"sk":{"a":0,"k":0,"ix":4},"sa":{"a":0,"k":0,"ix":5},"nm":"Transform"}],"nm":"Group 4","np":2,"cix":2,"bm":0,"ix":4,"mn":"ADBE Vector Group","hd":false},{"ty":"gr","it":[{"ind":0,"ty":"sh","ix":1,"ks":{"a":0,"k":{"i":[[0.107,0],[0.099,0.128],[0,8.542],[-3.057,2.699],[-4.097,-0.507],[0.033,-0.275],[0.28,0.034],[2.812,-2.485],[0,-3.819],[-4.169,-5.415],[0.218,-0.168]],"o":[[-0.148,0],[-4.264,-5.537],[0,-4.105],[3.027,-2.675],[0.274,0.033],[-0.035,0.273],[-3.804,-0.464],[-2.842,2.509],[0,8.261],[0.168,0.219],[-0.09,0.07]],"v":[[1.626,18.632],[1.23,18.437],[-8.12,-4.038],[-3.311,-14.746],[7.651,-18.125],[8.087,-17.567],[7.528,-17.133],[-2.649,-13.996],[-7.12,-4.038],[2.022,17.827],[1.931,18.528]],"c":true},"ix":2},"nm":"Path 1","mn":"ADBE Vector Shape - Group","hd":false},{"ty":"fl","c":{"a":0,"k":[0.345098039216,0.360784313725,0.450980392157,1],"ix":4},"o":{"a":0,"k":100,"ix":5},"r":1,"bm":0,"nm":"Fill 1","mn":"ADBE Vector Graphic - Fill","hd":false},{"ty":"tr","p":{"a":0,"k":[16.001,22.217],"ix":2},"a":{"a":0,"k":[0,0],"ix":1},"s":{"a":0,"k":[100,100],"ix":3},"r":{"a":0,"k":0,"ix":6},"o":{"a":0,"k":100,"ix":7},"sk":{"a":0,"k":0,"ix":4},"sa":{"a":0,"k":0,"ix":5},"nm":"Transform"}],"nm":"Group 15","np":2,"cix":2,"bm":0,"ix":5,"mn":"ADBE Vector Group","hd":false},{"ty":"gr","it":[{"ind":0,"ty":"sh","ix":1,"ks":{"a":0,"k":{"i":[[7.555,0.937],[0,-8.728],[-2.509,-2.579],[-0.262,0.271],[-0.47,12.588]],"o":[[-8.826,-1.096],[0,12.974],[0.264,0.27],[2.431,-2.518],[0.287,-7.709]],"v":[[1.696,-20.931],[-14.639,-6.348],[-0.615,21.747],[0.33,21.756],[14.351,-5.53]],"c":true},"ix":2},"nm":"Path 1","mn":"ADBE Vector Shape - Group","hd":false},{"ty":"st","c":{"a":0,"k":[0.407843137255,0.470588235294,0.650980392157,1],"ix":3},"o":{"a":0,"k":100,"ix":4},"w":{"a":0,"k":1,"ix":5},"lc":2,"lj":2,"bm":0,"nm":"Stroke 1","mn":"ADBE Vector Graphic - Stroke","hd":false},{"ty":"fl","c":{"a":0,"k":[0.698039215686,0.764705882353,0.854901960784,1],"ix":4},"o":{"a":0,"k":100,"ix":5},"r":1,"bm":0,"nm":"Fill 1","mn":"ADBE Vector Graphic - Fill","hd":false},{"ty":"tr","p":{"a":0,"k":[22.019,24.527],"ix":2},"a":{"a":0,"k":[0,0],"ix":1},"s":{"a":0,"k":[100,100],"ix":3},"r":{"a":0,"k":0,"ix":6},"o":{"a":0,"k":100,"ix":7},"sk":{"a":0,"k":0,"ix":4},"sa":{"a":0,"k":0,"ix":5},"nm":"Transform"}],"nm":"Group 16","np":3,"cix":2,"bm":0,"ix":6,"mn":"ADBE Vector Group","hd":false}],"ip":0,"op":150,"st":0,"bm":0}],"markers":[]}